id,tanggal,waktu,suhu,kelembaban,heat_index,deviasi,comfort_index,jumlah_orang,setting_ac,kondisi,catatan,status,created_at
1,2026-03-13,14:10:37,23.7,53.7,23.5,-0.3,100,0,24,AC Menyala,-,NYAMAN,2026-03-13 07:10:39.395178+00
2,2026-03-13,14:11:37,23.7,53.4,23.5,-0.3,100,0,24,AC Menyala,-,NYAMAN,2026-03-13 07:11:38.662961+00
3,2026-03-13,14:12:37,23.7,53.4,23.5,-0.3,100,0,24,AC Menyala,-,NYAMAN,2026-03-13 07:12:44.358949+00
4,2026-03-13,14:13:37,23.7,53.3,23.5,-0.3,100,0,24,AC Menyala,-,NYAMAN,2026-03-13 07:13:38.741107+00
5,2026-03-13,14:14:37,23.7,53.3,23.5,-0.3,100,0,24,AC Menyala,-,NYAMAN,2026-03-13 07:14:38.706278+00
6,2026-03-13,14:15:45,23.7,53.2,23.5,-0.3,100,0,24,AC Menyala,-,NYAMAN,2026-03-13 07:15:47.463653+00
7,2026-03-13,14:16:45,23.7,53.3,23.5,-0.3,100,0,24,AC Menyala,-,NYAMAN,2026-03-13 07:16:47.429877+00
8,2026-03-13,14:17:45,23.7,52.9,23.5,-0.3,100,2,24,AC Menyala,-,NYAMAN,2026-03-13 07:17:47.209446+00
9,2026-03-13,14:18:45,23.8,52.7,23.6,-0.2,100,2,24,AC Menyala,-,NYAMAN,2026-03-13 07:18:47.181249+00
10,2026-03-13,14:19:45,23.8,52.7,23.6,-0.2,100,2,24,AC Menyala,-,NYAMAN,2026-03-13 07:19:47.269998+00
11,2026-03-13,14:20:45,23.8,52.6,23.6,-0.2,100,2,24,AC Menyala,-,NYAMAN,2026-03-13 07:20:47.199652+00
12,2026-03-13,14:22:46,23.6,52.8,23.4,-0.4,100,2,24,AC Menyala,-,NYAMAN,2026-03-13 07:22:47.232185+00
13,2026-03-13,14:23:46,23.7,52.8,23.5,-0.3,100,2,24,AC Menyala,-,NYAMAN,2026-03-13 07:23:50.428993+00
14,2026-03-13,14:24:46,23.7,52.6,23.5,-0.3,100,2,24,AC Menyala,-,NYAMAN,2026-03-13 07:24:47.213384+00
15,2026-03-13,14:25:46,23.7,52.6,23.5,-0.3,100,2,24,AC Menyala,-,NYAMAN,2026-03-13 07:25:49.026591+00
16,2026-03-13,14:26:46,23.6,52.6,23.4,-0.4,100,2,24,AC Menyala,-,NYAMAN,2026-03-13 07:26:47.262438+00
17,2026-03-13,14:27:46,23.6,52.5,23.4,-0.4,100,2,24,AC Menyala,-,NYAMAN,2026-03-13 07:27:47.258017+00
18,2026-03-13,14:28:46,23.7,52.3,23.5,-0.3,100,2,24,AC Menyala,-,NYAMAN,2026-03-13 07:28:47.116985+00
19,2026-03-13,14:29:46,23.6,52.6,23.4,-2.4,100,2,26,AC Menyala,-,NYAMAN,2026-03-13 07:29:47.112704+00
20,2026-03-13,14:30:46,23.7,52.3,23.5,-2.3,100,2,26,AC Menyala,-,NYAMAN,2026-03-13 07:30:47.188219+00
21,2026-03-13,14:31:46,23.6,52.3,23.4,-2.4,100,2,26,AC Menyala,-,NYAMAN,2026-03-13 07:31:56.261931+00
22,2026-03-13,14:32:46,23.5,52.4,23.3,-2.5,100,2,26,AC Menyala,-,NYAMAN,2026-03-13 07:32:47.154573+00
23,2026-03-13,14:34:46,23.6,52.5,23.4,-2.4,100,2,26,AC Menyala,-,NYAMAN,2026-03-13 07:34:47.083716+00
24,2026-03-13,14:35:46,23.6,52.3,23.4,-2.4,100,2,26,AC Menyala,-,NYAMAN,2026-03-13 07:35:47.089421+00
25,2026-03-13,14:36:46,23.6,52.3,23.4,-2.4,100,2,26,AC Menyala,-,NYAMAN,2026-03-13 07:36:47.082225+00
26,2026-03-14,12:50:24,28.6,67,31.4,4.6,74,0,24,AC Menyala,-,HANGAT,2026-03-14 05:50:26.492718+00
27,2026-03-14,12:51:24,28.3,66.6,30.8,4.3,77,0,24,AC Menyala,-,HANGAT,2026-03-14 05:51:25.801914+00
28,2026-03-14,12:53:24,27.8,65.9,29.8,3.8,82,0,24,AC Menyala,-,HANGAT,2026-03-14 05:53:26.197369+00
29,2026-03-14,12:54:24,27.6,65.5,29.4,3.6,84,0,24,AC Menyala,-,HANGAT,2026-03-14 05:54:25.662233+00
30,2026-03-14,12:55:24,27.5,65.5,29.3,3.5,85,0,24,AC Menyala,-,HANGAT,2026-03-14 05:55:25.780939+00
31,2026-03-14,12:56:24,27.4,65.3,29.1,3.4,86,0,24,AC Menyala,-,HANGAT,2026-03-14 05:56:25.741443+00
32,2026-03-14,12:57:24,27.2,65,28.8,3.2,88,0,24,AC Menyala,-,HANGAT,2026-03-14 05:57:25.687013+00
33,2026-03-14,12:58:24,27.2,64.4,28.7,3.2,88,0,24,AC Menyala,-,HANGAT,2026-03-14 05:58:25.598221+00
34,2026-03-14,12:59:24,27.1,64.3,28.5,3.1,89,0,24,AC Menyala,-,HANGAT,2026-03-14 05:59:25.632905+00
35,2026-03-14,13:00:24,27.1,64.1,28.5,3.1,89,0,24,AC Menyala,-,HANGAT,2026-03-14 06:00:26.111149+00
36,2026-03-14,13:01:24,27.1,63.5,28.5,3.1,89,0,24,AC Menyala,-,HANGAT,2026-03-14 06:01:25.933732+00
37,2026-03-14,13:02:24,27.1,63.1,28.4,3.1,89,0,24,AC Menyala,-,HANGAT,2026-03-14 06:02:25.745669+00
38,2026-03-14,13:03:24,27,62.8,28.3,3,90,0,24,AC Menyala,-,HANGAT,2026-03-14 06:03:26.519165+00
39,2026-03-14,13:04:24,26.9,62.7,28.1,2.9,91,0,24,AC Menyala,-,HANGAT,2026-03-14 06:04:31.498884+00
40,2026-03-14,13:05:24,26.9,62.5,28.1,2.9,91,0,24,AC Menyala,-,HANGAT,2026-03-14 06:05:35.283274+00
41,2026-03-14,13:06:24,26.9,62.3,28.1,2.9,91,0,24,AC Menyala,-,HANGAT,2026-03-14 06:06:25.796373+00
42,2026-03-14,13:07:24,26.9,62.8,28.2,2.9,91,0,24,AC Menyala,-,HANGAT,2026-03-14 06:07:25.66873+00
43,2026-03-14,13:08:24,26.9,63.1,28.2,2.9,91,0,24,AC Menyala,-,HANGAT,2026-03-14 06:08:25.792611+00
44,2026-03-14,13:09:24,26.9,62.7,28.1,2.9,91,0,24,AC Menyala,-,HANGAT,2026-03-14 06:09:25.80659+00
45,2026-03-14,13:10:24,26.9,62,28.1,2.9,91,0,24,AC Menyala,-,HANGAT,2026-03-14 06:10:25.894295+00
46,2026-03-14,13:11:24,26.9,61.9,28.1,2.9,91,0,24,AC Menyala,-,HANGAT,2026-03-14 06:11:25.610299+00
47,2026-03-14,13:12:24,26.9,61.7,28.1,2.9,91,0,24,AC Menyala,-,HANGAT,2026-03-14 06:12:26.020144+00
48,2026-03-14,13:13:24,26.8,62.1,28,2.8,92,0,24,AC Menyala,-,HANGAT,2026-03-14 06:13:26.020295+00
49,2026-03-14,13:14:24,26.8,62.5,28,2.8,92,0,24,AC Menyala,-,HANGAT,2026-03-14 06:14:25.820537+00
50,----/--/--,--:--:--,27.1,68.9,28.9,3.1,89,0,24,",",",",HANGAT,2026-03-14 06:20:12.701776+00
51,2026-03-14,13:21:01,27.2,68.5,29.1,3.2,88,0,24,",",",",HANGAT,2026-03-14 06:21:02.713188+00
52,2026-03-14,13:22:01,27.2,67.7,29,3.2,88,0,24,",",",",HANGAT,2026-03-14 06:22:07.309483+00
53,2026-03-14,13:22:48,27.2,67,28.9,3.2,88,0,24,",",",",HANGAT,2026-03-14 06:22:49.82588+00
54,2026-03-14,13:23:07,27.2,67,28.9,3.2,88,0,24,",",",",HANGAT,2026-03-14 06:23:08.818555+00
55,2026-03-14,13.23.29,27.2,67,28.9,3.2,88,1,24,AC Menyala,-(manual),HANGAT,2026-03-14 06:23:30.367094+00
56,2026-03-14,13:24:07,27.1,66.4,28.7,3.1,89,0,24,",",",",HANGAT,2026-03-14 06:24:09.080062+00
57,2026-03-14,13:25:07,27.1,66,28.7,3.1,89,0,24,",",",",HANGAT,2026-03-14 06:25:08.979111+00
58,2026-03-14,13:26:07,27,65.8,28.5,3,90,0,24,",",",",HANGAT,2026-03-14 06:26:08.85769+00
59,2026-03-14,13:27:07,26.9,65.5,28.3,2.9,91,0,24,",",",",HANGAT,2026-03-14 06:27:08.824802+00
60,2026-03-14,13:28:07,26.9,65.4,28.3,2.9,91,0,24,",",",",HANGAT,2026-03-14 06:28:08.871846+00
61,2026-03-14,13:29:07,26.9,64.6,28.3,2.9,91,0,24,",",",",HANGAT,2026-03-14 06:29:08.831706+00
62,2026-03-14,13:30:07,26.8,64.1,28.1,2.8,92,0,24,",",",",HANGAT,2026-03-14 06:30:08.815765+00
63,2026-03-14,13:31:07,26.8,63.7,28.1,2.8,92,0,24,",",",",HANGAT,2026-03-14 06:31:08.834115+00
64,2026-03-14,13:32:07,26.8,63.6,28.1,2.8,92,0,24,",",",",HANGAT,2026-03-14 06:32:08.842956+00
65,2026-03-14,13:33:09,26.8,63,28,2.8,92,0,24,",",",",HANGAT,2026-03-14 06:33:10.917368+00
66,2026-03-14,13:34:09,26.7,62.4,27.9,2.7,93,0,24,",",",",HANGAT,2026-03-14 06:34:10.871441+00
67,2026-03-14,13:35:09,26.6,62.4,27.7,2.6,94,0,24,",",",",HANGAT,2026-03-14 06:35:10.9886+00
68,2026-03-14,13:36:12,26.6,62,27.7,2.6,94,0,24,",",",",HANGAT,2026-03-14 06:36:14.999733+00
69,2026-03-14,13:37:12,26.6,61.8,27.7,2.6,94,0,24,",",",",HANGAT,2026-03-14 06:37:13.308764+00
70,2026-03-14,13:38:12,26.5,61.9,27.6,2.5,95,0,24,",",",",HANGAT,2026-03-14 06:38:13.326244+00
71,2026-03-14,13:39:12,26.5,61.4,27.6,2.5,95,0,24,",",",",HANGAT,2026-03-14 06:39:13.34549+00
72,2026-03-14,13:40:12,26.5,61.2,27.5,2.5,95,0,24,",",",",HANGAT,2026-03-14 06:40:13.291518+00
73,2026-03-14,13:42:13,26.5,61.7,27.6,2.5,95,0,24,",",",",HANGAT,2026-03-14 06:42:14.502992+00
74,2026-03-14,13:43:16,26.6,62.4,27.7,2.6,94,0,24,",",",",HANGAT,2026-03-14 06:43:20.365467+00
75,2026-03-14,13:44:16,26.7,63.9,28,2.7,93,0,24,",",",",HANGAT,2026-03-14 06:44:17.346228+00
76,2026-03-14,13:45:16,26.8,65.1,28.2,2.8,92,0,24,",",",",HANGAT,2026-03-14 06:45:17.331579+00
77,2026-03-14,13:46:16,27,65.7,28.5,3,90,0,24,",",",",HANGAT,2026-03-14 06:46:23.238369+00
78,2026-03-14,13:47:16,27.1,67,28.8,3.1,89,0,24,",",",",HANGAT,2026-03-14 06:47:17.309884+00
79,2026-03-14,13:48:16,27.2,68.4,29.1,3.2,88,0,24,",",",",HANGAT,2026-03-14 06:48:17.383384+00
80,2026-03-14,13:49:16,27.3,68.9,29.3,3.3,87,0,24,",",",",HANGAT,2026-03-14 06:49:20.744012+00
81,2026-03-14,13:50:16,27.3,68.3,29.2,3.3,87,0,24,",",",",HANGAT,2026-03-14 06:50:17.321584+00
82,2026-03-14,13:51:16,27.2,68.3,29,3.2,88,0,24,",",",",HANGAT,2026-03-14 06:51:20.505494+00
83,2026-03-14,13:52:16,27.1,67.5,28.8,3.1,89,0,24,",",",",HANGAT,2026-03-14 06:52:17.776748+00
84,2026-03-14,13:53:16,27,67.1,28.6,3,90,0,24,",",",",HANGAT,2026-03-14 06:53:17.71123+00
85,2026-03-14,13:54:16,26.9,66.7,28.4,2.9,91,0,24,",",",",HANGAT,2026-03-14 06:54:17.705851+00
86,2026-03-14,13:55:16,27,65.9,28.5,3,90,0,24,",",",",HANGAT,2026-03-14 06:55:17.699111+00
87,2026-03-14,13:56:16,26.9,65.3,28.3,2.9,91,0,24,",",",",HANGAT,2026-03-14 06:56:17.726283+00
88,2026-03-14,13:57:16,26.8,64.8,28.2,2.8,92,0,24,",",",",HANGAT,2026-03-14 06:57:17.772907+00
89,2026-03-14,13:58:16,26.7,64.5,28,2.7,93,0,24,",",",",HANGAT,2026-03-14 06:58:17.74498+00
90,2026-03-14,13:59:16,26.7,64,28,2.7,93,0,24,",",",",HANGAT,2026-03-14 06:59:17.810948+00
91,2026-03-14,14:00:20,26.6,63.8,27.8,2.6,94,0,24,",",",",HANGAT,2026-03-14 07:00:21.579455+00
92,2026-03-14,14:01:20,26.6,63.4,27.8,2.6,94,0,24,",",",",HANGAT,2026-03-14 07:01:21.562571+00
93,2026-03-14,14:02:20,26.6,62.9,27.8,2.6,94,0,24,",",",",HANGAT,2026-03-14 07:02:21.584954+00
94,2026-03-14,14:03:20,26.6,62.7,27.8,2.6,94,0,24,",",",",HANGAT,2026-03-14 07:03:21.587092+00
95,2026-03-14,14:04:20,26.6,62.2,27.7,2.6,94,0,24,",",",",HANGAT,2026-03-14 07:04:21.633418+00
96,2026-03-14,14:05:20,26.6,61.7,27.7,2.6,94,0,24,",",",",HANGAT,2026-03-14 07:05:21.571368+00
97,2026-03-14,14:06:23,26.5,61.8,27.6,2.5,95,0,24,",",",",HANGAT,2026-03-14 07:06:24.187053+00
98,2026-03-14,14:07:23,27,77.2,29.5,3,68,0,24,",",",",HANGAT,2026-03-14 07:07:24.166675+00
99,2026-03-14,14:08:23,28.3,81.4,33.1,4.3,43,0,24,",",",",HANGAT,2026-03-14 07:08:24.19823+00
100,2026-03-14,14:09:23,28.8,79.2,34,4.8,44,0,24,",",",",HANGAT,2026-03-14 07:09:24.171884+00
101,2026-03-14,14:10:23,28.8,77.9,33.8,4.8,48,0,24,",",",",HANGAT,2026-03-14 07:10:24.153301+00
102,2026-03-14,14:11:23,28.8,77.2,33.6,4.8,50,0,24,",",",",HANGAT,2026-03-14 07:11:24.145543+00
103,2026-03-14,14:12:23,28.7,76.5,33.2,4.7,53,0,24,",",",",HANGAT,2026-03-14 07:12:24.155967+00
104,2026-03-14,14:13:23,28.6,75.8,32.9,4.6,57,0,24,",",",",HANGAT,2026-03-14 07:13:24.152641+00
105,2026-03-14,14:14:23,28.6,75.4,32.8,4.6,58,0,24,",",",",HANGAT,2026-03-14 07:14:24.138719+00
106,2026-03-14,14:15:23,28.6,75.3,32.8,4.6,58,0,24,",",",",HANGAT,2026-03-14 07:15:24.181913+00
107,2026-03-14,14:16:23,28.7,75.2,33,4.7,57,0,24,",",",",HANGAT,2026-03-14 07:16:24.624632+00
108,2026-03-14,14:17:23,28.6,74.5,32.6,4.6,60,0,24,",",",",HANGAT,2026-03-14 07:17:24.213419+00
109,2026-03-14,14:18:23,28.5,73.7,32.3,4.5,64,0,24,",",",",HANGAT,2026-03-14 07:18:24.219973+00
110,2026-03-14,14:19:23,28.4,73.3,32,4.4,66,0,24,",",",",HANGAT,2026-03-14 07:19:24.299513+00
111,2026-03-14,14:20:01,28.4,73.2,32,4.4,66,0,24,",",",",HANGAT,2026-03-14 07:20:02.203324+00
112,2026-03-14,14:20:25,28.4,73.2,32,4.4,66,0,24,",",",",HANGAT,2026-03-14 07:20:26.338029+00
113,2026-03-14,14:21:25,28.3,73,31.7,4.3,68,0,24,",",",",HANGAT,2026-03-14 07:21:26.360009+00
114,2026-03-14,14:22:25,28.2,72.5,31.4,4.2,70,0,24,",",",",HANGAT,2026-03-14 07:22:26.321515+00
115,2026-03-14,14:23:25,28.2,72.1,31.4,4.2,72,0,24,",",",",HANGAT,2026-03-14 07:23:26.474669+00
116,2026-03-14,14:24:25,28.1,71.8,31.1,4.1,74,0,24,",",",",HANGAT,2026-03-14 07:24:26.336836+00
117,2026-03-14,14:25:25,28.1,71.7,31.1,4.1,74,1,24,",",",",HANGAT,2026-03-14 07:25:27.072398+00
118,2026-03-14,14:26:25,28.1,71.7,31.1,4.1,74,1,24,",",",",HANGAT,2026-03-14 07:26:27.035242+00
119,2026-03-14,14:27:25,28.1,71.2,31,4.1,75,1,24,",",",",HANGAT,2026-03-14 07:27:27.129409+00
120,2026-03-14,14:28:25,27.9,70.3,30.5,3.9,80,1,24,",",",",HANGAT,2026-03-14 07:28:27.022859+00
121,2026-03-14,14:29:25,27.8,70.1,30.3,3.8,82,1,24,",",",",HANGAT,2026-03-14 07:29:27.051676+00
122,2026-03-14,14:30:25,27.8,69.7,30.2,3.8,82,1,24,",",",",HANGAT,2026-03-14 07:30:27.155013+00
123,2026-03-14,14:31:25,27.7,69.4,30,3.7,83,1,24,",",",",HANGAT,2026-03-14 07:31:26.988633+00
124,2026-03-14,14:32:25,27.7,69.1,30,3.7,83,1,24,",",",",HANGAT,2026-03-14 07:32:26.982186+00
125,2026-03-14,14:33:25,27.7,68.7,29.9,3.7,83,1,24,",",",",HANGAT,2026-03-14 07:33:26.994021+00
126,2026-03-14,14:34:25,27.6,68.5,29.7,3.6,84,1,24,",",",",HANGAT,2026-03-14 07:34:27.112527+00
127,2026-03-14,14:35:25,27.6,68,29.7,3.6,84,1,24,",",",",HANGAT,2026-03-14 07:35:27.042273+00
128,2026-03-14,14:36:25,27.5,67.6,29.5,3.5,85,1,24,",",",",HANGAT,2026-03-14 07:36:26.967087+00
129,2026-03-14,14:37:25,27.5,67.5,29.5,3.5,85,1,24,",",",",HANGAT,2026-03-14 07:37:26.936654+00
130,2026-03-14,14:38:25,27.4,67.2,29.3,3.4,86,1,24,",",",",HANGAT,2026-03-14 07:38:26.94726+00
131,2026-03-14,14:39:25,27.4,66.9,29.2,3.4,86,1,24,",",",",HANGAT,2026-03-14 07:39:26.964881+00
132,2026-03-14,14:40:25,27.4,66.5,29.2,3.4,86,1,24,",",",",HANGAT,2026-03-14 07:40:26.983292+00
133,2026-03-14,14:41:25,27.3,66.1,29,3.3,87,2,24,",",",",HANGAT,2026-03-14 07:41:26.95514+00
134,2026-03-14,14:42:25,27.3,66,29,3.3,87,2,24,",",",",HANGAT,2026-03-14 07:42:27.00022+00
135,2026-03-14,14:43:25,27.3,65.6,29,3.3,87,2,24,",",",",HANGAT,2026-03-14 07:43:26.973922+00
136,2026-03-14,14:44:25,27.3,65.6,29,3.3,87,2,24,",",",",HANGAT,2026-03-14 07:44:27.003418+00
137,2026-03-14,14:45:25,27.2,65.1,28.8,3.2,88,2,24,",",",",HANGAT,2026-03-14 07:45:26.937168+00
138,2026-03-14,14:46:25,27.2,64.9,28.7,3.2,88,2,24,",",",",HANGAT,2026-03-14 07:46:27.191014+00
139,2026-03-14,14:47:25,27.2,64.6,28.7,3.2,88,2,24,",",",",HANGAT,2026-03-14 07:47:26.943882+00
140,2026-03-14,14:48:25,27.2,64.5,28.7,3.2,88,2,24,",",",",HANGAT,2026-03-14 07:48:26.950659+00
141,2026-03-14,14:49:25,27.1,64,28.5,3.1,89,2,24,",",",",HANGAT,2026-03-14 07:49:26.93518+00
142,2026-03-14,14:50:25,27.1,63.9,28.5,3.1,89,2,24,",",",",HANGAT,2026-03-14 07:50:26.914483+00
143,2026-03-14,14:51:25,27.1,63.9,28.5,3.1,89,2,24,",",",",HANGAT,2026-03-14 07:51:26.946107+00
144,2026-03-14,14:52:26,27,63.7,28.4,3,90,2,24,",",",",HANGAT,2026-03-14 07:52:28.545989+00
145,2026-03-14,14:53:27,27,63.5,28.3,3,90,2,24,",",",",HANGAT,2026-03-14 07:53:28.177715+00
146,2026-03-14,14:54:27,27,63.2,28.3,3,90,2,24,",",",",HANGAT,2026-03-14 07:54:28.160512+00
147,2026-03-14,14:55:27,26.9,63.1,28.2,2.9,91,2,24,",",",",HANGAT,2026-03-14 07:55:28.192656+00
148,2026-03-14,14:56:27,26.9,62.8,28.2,2.9,91,2,24,",",",",HANGAT,2026-03-14 07:56:28.169905+00
149,2026-03-14,14:57:27,26.9,62.7,28.1,2.9,91,2,24,",",",",HANGAT,2026-03-14 07:57:28.165816+00
150,2026-03-14,14:58:27,26.9,62.6,28.1,2.9,91,2,24,",",",",HANGAT,2026-03-14 07:58:28.188083+00
151,2026-03-14,14:59:27,26.9,62.5,28.1,2.9,91,2,24,",",",",HANGAT,2026-03-14 07:59:28.222273+00
152,2026-03-14,15:00:27,26.9,62.5,28.1,2.9,91,2,24,",",",",HANGAT,2026-03-14 08:00:28.206096+00
153,2026-03-14,15:01:27,26.9,62.3,28.1,2.9,91,2,24,",",",",HANGAT,2026-03-14 08:01:28.195981+00
154,2026-03-14,15:02:27,26.9,61.9,28.1,2.9,91,2,24,",",",",HANGAT,2026-03-14 08:02:28.206547+00
155,2026-03-14,15:03:27,26.9,61.9,28.1,2.9,91,2,24,",",",",HANGAT,2026-03-14 08:03:28.219394+00
156,2026-03-18,12:38:35,27.5,70,29.7,3.5,85,2,24,",",",",HANGAT,2026-03-18 05:38:36.877213+00
157,2026-03-18,10.27.56,27.5,70,29.7,3.5,85,2,24,AC Menyala,-(m),HANGAT,2026-03-30 03:27:56.285743+00
158,2026-04-12,19:29:06,26.3,65,27.5,2.3,97,2,24,",",",",HANGAT,2026-04-12 12:29:07.703632+00
159,2026-04-12,19:30:06,26.5,63.7,27.7,2.5,95,2,24,",",",",HANGAT,2026-04-12 12:30:07.731301+00
160,2026-04-12,19:31:06,26.5,63.4,27.7,2.5,95,2,24,",",",",HANGAT,2026-04-12 12:31:07.699397+00
161,2026-04-12,19:32:07,26.5,63.2,27.7,2.5,95,2,24,",",",",HANGAT,2026-04-12 12:32:08.404609+00
162,2026-04-12,19:33:07,26.6,62.3,27.7,2.6,94,2,24,",",",",HANGAT,2026-04-12 12:33:08.540875+00
163,2026-04-12,19:34:07,26.7,62,27.8,2.7,93,2,24,",",",",HANGAT,2026-04-12 12:34:08.884337+00
164,2026-04-12,19:35:07,26.6,61.5,27.7,2.6,94,2,24,",",",",HANGAT,2026-04-12 12:35:08.568326+00
165,2026-04-12,19:36:07,26.6,61.6,27.7,2.6,94,2,24,",",",",HANGAT,2026-04-12 12:36:08.656102+00
166,2026-04-12,19:37:07,26.6,61.4,27.7,2.6,94,2,24,",",",",HANGAT,2026-04-12 12:37:08.54693+00
167,2026-04-12,19:38:07,26.6,61.6,27.7,2.6,94,2,24,",",",",HANGAT,2026-04-12 12:38:08.539571+00
168,2026-04-12,19:39:07,26.6,61.2,27.7,2.6,94,2,24,",",",",HANGAT,2026-04-12 12:39:08.510687+00
169,2026-04-12,19:40:07,26.6,60.6,27.6,2.6,94,2,24,",",",",HANGAT,2026-04-12 12:40:08.504395+00
170,2026-04-12,19:41:07,26.6,60.8,27.6,2.6,94,2,24,",",",",HANGAT,2026-04-12 12:41:08.531326+00
171,2026-04-12,19:42:07,26.6,60.2,27.6,2.6,94,2,24,",",",",HANGAT,2026-04-12 12:42:08.5442+00
172,2026-04-12,19:43:07,26.6,60.4,27.6,2.6,94,2,24,",",",",HANGAT,2026-04-12 12:43:08.4824+00
173,2026-04-12,19:44:07,26.6,60.1,27.6,2.6,94,2,24,",",",",HANGAT,2026-04-12 12:44:08.531764+00
174,2026-04-12,19:45:07,26.6,59.8,27.6,2.6,94,2,24,",",",",HANGAT,2026-04-12 12:45:08.529897+00
175,2026-04-12,19:46:07,26.6,59.9,27.6,2.6,94,2,24,",",",",HANGAT,2026-04-12 12:46:10.125576+00
176,2026-04-12,19:47:07,26.6,60.3,27.6,2.6,94,2,24,",",",",HANGAT,2026-04-12 12:47:08.495139+00
177,2026-04-12,19:48:07,26.5,60.4,27.5,2.5,95,2,24,",",",",HANGAT,2026-04-12 12:48:08.524951+00
178,2026-04-12,19:49:07,26.5,60.5,27.5,2.5,95,2,24,",",",",HANGAT,2026-04-12 12:49:08.505423+00
179,2026-04-12,19:50:07,26.6,61.8,27.7,2.6,94,2,24,",",",",HANGAT,2026-04-12 12:50:08.507807+00
180,2026-04-12,19:51:07,26.6,60.6,27.6,2.6,94,2,24,",",",",HANGAT,2026-04-12 12:51:08.466041+00
181,2026-04-12,19:52:07,26.6,59.9,27.6,2.6,94,2,24,",",",",HANGAT,2026-04-12 12:52:08.44783+00
182,2026-04-12,19:53:07,26.6,59.8,27.6,2.6,94,2,24,",",",",HANGAT,2026-04-12 12:53:09.078498+00
183,2026-04-12,19:54:07,26.6,59.4,27.6,2.6,94,2,24,",",",",HANGAT,2026-04-12 12:54:09.023925+00
184,2026-04-12,19:55:07,26.6,59.6,27.6,2.6,94,2,24,",",",",HANGAT,2026-04-12 12:55:10.11688+00
185,2026-04-12,19:58:07,26.6,59.6,27.6,2.6,94,2,24,",",",",HANGAT,2026-04-12 12:58:10.732644+00
186,2026-04-12,19:59:07,26.4,60.2,27.4,2.4,96,2,24,",",",",HANGAT,2026-04-12 12:59:08.339815+00
187,2026-04-12,20:00:07,26.4,60.8,27.4,2.4,96,2,24,",",",",HANGAT,2026-04-12 13:00:08.324686+00
188,2026-04-12,20:01:07,26.4,61.8,27.5,2.4,96,2,24,",",",",HANGAT,2026-04-12 13:01:08.301073+00
189,2026-04-12,20:02:07,26.5,61.8,27.6,2.5,95,2,24,",",",",HANGAT,2026-04-12 13:02:08.333322+00
190,2026-04-12,20:05:21,26.4,61.6,27.4,2.4,96,2,24,",",",",HANGAT,2026-04-12 13:05:22.432045+00
191,2026-04-12,20:06:21,26.4,63.3,27.5,2.4,96,2,24,",",",",HANGAT,2026-04-12 13:06:22.529931+00
192,2026-04-12,20:07:21,26.4,63.7,27.6,2.4,96,2,24,",",",",HANGAT,2026-04-12 13:07:22.494552+00
193,2026-04-12,20:08:21,26.4,64.2,27.6,2.4,96,2,24,",",",",HANGAT,2026-04-12 13:08:22.489371+00
194,2026-04-12,20:09:21,26.5,64.3,27.7,2.5,95,2,24,",",",",HANGAT,2026-04-12 13:09:23.070395+00
195,2026-04-12,20:10:21,26.6,64.2,27.8,2.6,94,2,24,",",",",HANGAT,2026-04-12 13:10:23.228957+00
196,2026-04-12,20:11:21,26.5,64.2,27.7,2.5,95,2,24,",",",",HANGAT,2026-04-12 13:11:23.377206+00
197,2026-04-12,20:12:21,26.5,64.7,27.7,2.5,95,2,24,",",",",HANGAT,2026-04-12 13:12:23.303072+00
198,2026-04-12,20:13:23,26.5,64.8,27.7,2.5,95,2,24,",",",",HANGAT,2026-04-12 13:13:24.585647+00
199,2026-04-12,20:14:23,26.5,65,27.8,2.5,95,2,24,",",",",HANGAT,2026-04-12 13:14:24.530554+00
200,2026-04-12,20:15:23,26.6,64.9,27.9,2.6,94,2,24,",",",",HANGAT,2026-04-12 13:15:24.590411+00
201,2026-04-12,20:16:23,26.5,65,27.8,2.5,95,2,24,",",",",HANGAT,2026-04-12 13:16:24.88488+00
202,2026-04-12,20:17:23,26.4,65.3,27.6,2.4,96,2,24,",",",",HANGAT,2026-04-12 13:17:24.507741+00
203,2026-04-12,20:18:23,26.4,65.3,27.6,2.4,96,2,24,",",",",HANGAT,2026-04-12 13:18:26.513094+00
204,2026-04-12,20:19:23,26.4,65.4,27.6,2.4,96,2,24,",",",",HANGAT,2026-04-12 13:19:24.559914+00
205,2026-04-12,20:20:23,26.5,65.5,27.8,2.5,95,2,24,",",",",HANGAT,2026-04-12 13:20:24.643634+00
206,2026-04-12,20:21:23,26.5,65.5,27.8,2.5,95,2,24,",",",",HANGAT,2026-04-12 13:21:24.509075+00
207,2026-04-12,20:22:23,26.3,65.7,27.5,2.3,97,2,24,",",",",HANGAT,2026-04-12 13:22:24.826781+00
208,2026-04-12,20:23:23,26.3,66.1,27.5,2.3,97,2,24,",",",",HANGAT,2026-04-12 13:23:24.816221+00
209,2026-04-12,20:24:23,26.2,66.2,27.4,2.2,98,2,24,",",",",HANGAT,2026-04-12 13:24:24.788195+00
210,2026-04-12,20:25:23,26.2,66.1,27.4,2.2,98,2,24,",",",",HANGAT,2026-04-12 13:25:24.798069+00
211,2026-04-12,20:26:23,26.1,66.3,27.3,2.1,99,2,24,",",",",HANGAT,2026-04-12 13:26:24.769153+00
212,2026-04-12,20:27:23,26.1,66.6,27.3,2.1,99,2,24,",",",",HANGAT,2026-04-12 13:27:24.788841+00
213,2026-04-12,20:28:23,26.1,66.6,27.3,2.1,99,2,24,",",",",HANGAT,2026-04-12 13:28:24.787513+00
214,2026-04-12,20:29:23,26.1,66.8,27.3,2.1,99,2,24,",",",",HANGAT,2026-04-12 13:29:24.756111+00
215,2026-04-12,20:30:23,26.1,66.6,27.3,2.1,99,2,24,",",",",HANGAT,2026-04-12 13:30:24.720446+00
216,2026-04-12,20:31:23,26.1,66.8,27.3,2.1,99,2,24,",",",",HANGAT,2026-04-12 13:31:24.743785+00
217,2026-04-12,20:32:23,26.2,67.7,27.5,2.2,98,2,24,",",",",HANGAT,2026-04-12 13:32:24.771378+00
218,2026-04-12,20:33:23,26.4,66.9,27.7,2.4,96,2,24,",",",",HANGAT,2026-04-12 13:33:24.758535+00
219,2026-04-12,20:34:23,26.4,66.5,27.7,2.4,96,2,24,",",",",HANGAT,2026-04-12 13:34:24.756559+00
220,2026-04-12,20:35:24,26.4,66,27.7,2.4,96,2,24,",",",",HANGAT,2026-04-12 13:35:25.862577+00
221,2026-04-12,20:36:24,26.4,65.7,27.7,2.4,96,2,24,",",",",HANGAT,2026-04-12 13:36:25.867781+00
222,2026-04-12,20:37:24,26.4,65.5,27.6,2.4,96,2,24,",",",",HANGAT,2026-04-12 13:37:25.852974+00
223,2026-04-12,20:38:24,26.4,65.3,27.6,2.4,96,2,24,",",",",HANGAT,2026-04-12 13:38:25.851857+00
224,2026-04-12,20:39:24,26.4,65.3,27.6,2.4,96,2,24,",",",",HANGAT,2026-04-12 13:39:25.85465+00
225,2026-04-12,20:40:24,26.4,65,27.6,2.4,96,2,24,",",",",HANGAT,2026-04-12 13:40:25.834798+00
226,2026-04-12,20:41:24,26.4,64.6,27.6,2.4,96,2,24,",",",",HANGAT,2026-04-12 13:41:25.864643+00
227,2026-04-12,20:42:24,26.4,64.7,27.6,2.4,96,2,24,",",",",HANGAT,2026-04-12 13:42:25.886949+00
228,2026-04-12,20:43:24,26.4,64.4,27.6,2.4,96,2,24,",",",",HANGAT,2026-04-12 13:43:25.86488+00
229,2026-04-12,20:44:24,26.4,64.3,27.6,2.4,96,2,24,",",",",HANGAT,2026-04-12 13:44:26.536575+00
230,2026-04-12,20:45:29,26.3,64.3,27.5,2.3,97,2,24,",",",",HANGAT,2026-04-12 13:45:42.905663+00
231,2026-04-12,20:46:29,26.3,64.2,27.5,2.3,97,2,24,",",",",HANGAT,2026-04-12 13:46:30.917548+00
232,2026-04-12,20:47:29,26.2,64.4,27.3,2.2,98,2,24,",",",",HANGAT,2026-04-12 13:47:31.066386+00
233,2026-04-12,20:48:29,26.2,64.4,27.3,2.2,98,2,24,",",",",HANGAT,2026-04-12 13:48:30.938329+00
234,2026-04-12,20:49:29,26.2,64.4,27.3,2.2,98,2,24,",",",",HANGAT,2026-04-12 13:49:31.117245+00
235,2026-04-12,20:50:29,26.2,64.3,27.3,2.2,98,2,24,",",",",HANGAT,2026-04-12 13:50:31.114229+00
236,2026-04-12,20:51:29,26.2,64.3,27.3,2.2,98,2,24,",",",",HANGAT,2026-04-12 13:51:30.89588+00
237,2026-04-12,20:52:29,26.3,64.2,27.5,2.3,97,2,24,",",",",HANGAT,2026-04-12 13:52:30.880676+00
238,2026-04-12,20:53:29,26.2,64,27.3,2.2,98,2,24,",",",",HANGAT,2026-04-12 13:53:30.906781+00
239,2026-04-12,20:55:29,26.2,64,27.3,2.2,98,2,24,",",",",HANGAT,2026-04-12 13:55:33.69245+00
240,2026-04-12,20:56:29,26.2,64.1,27.3,2.2,98,2,24,",",",",HANGAT,2026-04-12 13:56:30.895754+00
241,2026-04-12,20:57:29,26.2,64.3,27.3,2.2,98,2,24,",",",",HANGAT,2026-04-12 13:57:30.890883+00
242,2026-04-12,20:58:29,26.2,64.3,27.3,2.2,98,2,24,",",",",HANGAT,2026-04-12 13:58:30.915388+00
243,2026-04-12,20:59:29,26.2,64.2,27.3,2.2,98,2,24,",",",",HANGAT,2026-04-12 13:59:30.935651+00
244,2026-04-12,21:00:29,26.2,64.5,27.3,2.2,98,2,24,",",",",HANGAT,2026-04-12 14:00:30.855863+00
245,2026-04-12,21:01:30,26.3,66.6,27.6,2.3,97,2,24,",",",",HANGAT,2026-04-12 14:01:31.449522+00
246,2026-04-12,21:02:30,26.4,65.7,27.7,2.4,96,2,24,",",",",HANGAT,2026-04-12 14:02:31.537156+00
247,2026-04-12,21:03:30,26.5,65.1,27.8,2.5,95,2,24,",",",",HANGAT,2026-04-12 14:03:31.558158+00
248,2026-04-12,21:04:30,26.4,64.2,27.6,2.4,96,2,24,",",",",HANGAT,2026-04-12 14:04:31.678495+00
249,2026-04-12,21:05:31,26.3,64.5,27.5,2.3,97,2,24,",",",",HANGAT,2026-04-12 14:05:32.180802+00
250,2026-04-12,21:06:31,26.3,64.9,27.5,2.3,97,2,24,",",",",HANGAT,2026-04-12 14:06:32.241009+00
251,2026-04-12,21:07:31,26.2,65.5,27.4,2.2,98,2,24,",",",",HANGAT,2026-04-12 14:07:32.223416+00
252,2026-04-12,21:08:31,26.2,65.6,27.4,2.2,98,2,24,",",",",HANGAT,2026-04-12 14:08:32.259525+00
253,2026-04-12,21:09:31,26.2,65.7,27.4,2.2,98,2,24,",",",",HANGAT,2026-04-12 14:09:32.167413+00
254,2026-04-12,21:10:31,26.3,66.7,27.6,2.3,97,2,24,",",",",HANGAT,2026-04-12 14:10:32.201877+00
255,2026-04-12,21:11:31,26.3,66.4,27.6,2.3,97,2,24,",",",",HANGAT,2026-04-12 14:11:32.31341+00
256,2026-04-12,21:12:31,26.3,65.5,27.5,2.3,97,2,24,",",",",HANGAT,2026-04-12 14:12:32.139163+00
257,2026-04-12,21:13:31,26.3,65.2,27.5,2.3,97,2,24,",",",",HANGAT,2026-04-12 14:13:32.244714+00
258,2026-04-12,21:14:31,26.3,64.3,27.5,2.3,97,2,24,",",",",HANGAT,2026-04-12 14:14:32.208665+00
259,2026-04-12,21:15:31,26.3,63.9,27.4,2.3,97,2,24,",",",",HANGAT,2026-04-12 14:15:32.205118+00
260,2026-04-12,21:16:31,26.3,63.6,27.4,2.3,97,2,24,",",",",HANGAT,2026-04-12 14:16:34.219952+00
261,2026-04-12,21:17:31,26.2,64.1,27.3,2.2,98,2,24,",",",",HANGAT,2026-04-12 14:17:32.1271+00
262,2026-04-12,21:18:31,26.2,65.6,27.4,2.2,98,2,24,",",",",HANGAT,2026-04-12 14:18:32.149388+00
263,2026-04-12,21:19:31,26.3,66.7,27.6,2.3,97,2,24,",",",",HANGAT,2026-04-12 14:19:41.197388+00
264,2026-04-12,21:20:31,26.3,67,27.6,2.3,97,2,24,",",",",HANGAT,2026-04-12 14:20:32.438528+00
265,2026-04-12,21:21:31,26.4,66.9,27.7,2.4,96,2,24,",",",",HANGAT,2026-04-12 14:21:32.638426+00
266,2026-04-12,21:22:31,26.4,66.2,27.7,2.4,96,2,24,",",",",HANGAT,2026-04-12 14:22:32.25167+00
267,2026-04-12,21:24:31,26.4,65.4,27.6,2.4,96,2,24,",",",",HANGAT,2026-04-12 14:24:32.29951+00
268,2026-04-12,21:25:31,26.4,65.4,27.6,2.4,96,2,24,",",",",HANGAT,2026-04-12 14:25:35.403822+00
269,2026-04-12,21:26:31,26.3,65,27.5,2.3,97,2,24,",",",",HANGAT,2026-04-12 14:26:32.282935+00
270,2026-04-12,21:27:31,26.4,65.5,27.6,2.4,96,2,24,",",",",HANGAT,2026-04-12 14:27:32.442291+00
271,2026-04-12,21:28:31,26.4,65.2,27.6,2.4,96,2,24,",",",",HANGAT,2026-04-12 14:28:32.819517+00
272,2026-04-12,21:29:31,26.4,64.6,27.6,2.4,96,2,24,",",",",HANGAT,2026-04-12 14:29:32.890949+00
273,2026-04-12,21:30:32,26.3,64.3,27.5,2.3,97,2,24,",",",",HANGAT,2026-04-12 14:30:33.499772+00
274,2026-04-12,21:31:32,26.3,64.5,27.5,2.3,97,2,24,",",",",HANGAT,2026-04-12 14:31:33.704387+00
275,2026-04-12,21:32:32,26.3,65,27.5,2.3,97,2,24,",",",",HANGAT,2026-04-12 14:32:33.50163+00
276,2026-04-12,21:33:33,26.3,64.7,27.5,2.3,97,2,24,",",",",HANGAT,2026-04-12 14:33:34.040495+00
277,2026-04-12,21:34:33,26.3,64.1,27.4,2.3,97,2,24,",",",",HANGAT,2026-04-12 14:34:34.330389+00
278,2026-04-12,21:35:33,26.3,63.6,27.4,2.3,97,2,24,",",",",HANGAT,2026-04-12 14:35:34.09487+00
279,2026-04-12,21:36:33,26.3,63.2,27.4,2.3,97,2,24,",",",",HANGAT,2026-04-12 14:36:43.542086+00
280,2026-04-12,21:37:33,26.3,63.1,27.4,2.3,97,2,24,",",",",HANGAT,2026-04-12 14:37:34.033394+00
281,2026-04-12,21:38:33,26.3,62.7,27.4,2.3,97,2,24,",",",",HANGAT,2026-04-12 14:38:34.378043+00
282,2026-04-12,21:39:33,26.4,63,27.5,2.4,96,2,24,",",",",HANGAT,2026-04-12 14:39:34.031166+00
283,2026-04-12,21:40:33,26.4,63.5,27.5,2.4,96,2,24,",",",",HANGAT,2026-04-12 14:40:34.139592+00
284,2026-04-12,21:41:33,26.6,64.4,27.9,2.6,94,2,24,",",",",HANGAT,2026-04-12 14:41:34.076847+00
285,2026-04-12,21:42:33,26.5,64.3,27.7,2.5,95,2,24,",",",",HANGAT,2026-04-12 14:42:34.319638+00
286,2026-04-12,21:43:33,26.5,63.8,27.7,2.5,95,2,24,",",",",HANGAT,2026-04-12 14:43:34.342027+00
287,2026-04-12,21:44:33,26.4,63.4,27.5,2.4,96,2,24,",",",",HANGAT,2026-04-12 14:44:34.345485+00
288,2026-04-12,21:45:34,26.3,63.2,27.4,2.3,97,2,24,",",",",HANGAT,2026-04-12 14:45:35.63492+00
289,2026-04-12,21:46:34,26.3,62.7,27.4,2.3,97,2,24,",",",",HANGAT,2026-04-12 14:46:35.595369+00
290,2026-04-12,21:47:34,26.3,62.6,27.4,2.3,97,2,24,",",",",HANGAT,2026-04-12 14:47:35.604999+00
291,2026-04-12,21:48:34,26.2,62.4,27.2,2.2,98,2,24,",",",",HANGAT,2026-04-12 14:48:35.606086+00
292,2026-04-12,21:49:34,26.2,62,27.2,2.2,98,2,24,",",",",HANGAT,2026-04-12 14:49:35.659004+00
293,2026-04-12,21:50:34,26.1,61.8,27.1,2.1,99,2,24,",",",",HANGAT,2026-04-12 14:50:35.588036+00
294,2026-04-12,21:51:34,26.1,61.8,27.1,2.1,99,2,24,",",",",HANGAT,2026-04-12 14:51:35.628168+00
295,2026-04-12,21:52:35,26,61.6,27,2,100,2,24,",",",",NYAMAN,2026-04-12 14:52:36.254224+00
296,2026-04-12,21:53:35,26,61.8,27,2,100,2,24,",",",",NYAMAN,2026-04-12 14:53:36.796079+00
297,2026-04-12,21:54:35,26,61.4,27,2,100,2,24,",",",",NYAMAN,2026-04-12 14:54:36.261021+00
298,2026-04-12,21:55:35,26,61,27,2,100,2,24,",",",",NYAMAN,2026-04-12 14:55:36.271627+00
299,2026-04-12,21:56:35,26,60.7,27,2,100,2,24,",",",",NYAMAN,2026-04-12 14:56:36.817794+00
300,2026-04-12,21:57:35,25.9,60.6,26.8,1.9,100,2,24,",",",",NYAMAN,2026-04-12 14:57:38.382674+00
301,2026-04-12,21:58:35,25.9,60.6,26.8,1.9,100,2,24,",",",",NYAMAN,2026-04-12 14:58:36.396048+00
302,----/--/--,--:--:--,25.9,67.5,27.1,1.9,100,2,24,",",",",NYAMAN,2026-04-13 00:41:27.554371+00
303,----/--/--,--:--:--,25.7,67.5,26.1,1.7,100,2,24,",",",",NYAMAN,2026-04-13 00:42:29.859002+00
304,----/--/--,--:--:--,25.7,67.9,26.1,1.7,100,2,24,",",",",NYAMAN,2026-04-13 00:43:32.576409+00
305,----/--/--,--:--:--,25.7,67.7,26.1,1.7,100,2,24,",",",",NYAMAN,2026-04-13 00:44:43.532909+00
306,----/--/--,--:--:--,25.7,67.7,26.1,1.7,100,2,24,",",",",NYAMAN,2026-04-13 00:45:49.982375+00
307,----/--/--,--:--:--,25.7,68.7,26.8,1.7,100,2,24,",",",",NYAMAN,2026-04-13 00:46:52.405326+00
308,----/--/--,--:--:--,25.8,68.2,27,1.8,100,2,24,",",",",NYAMAN,2026-04-13 00:47:58.693626+00
309,----/--/--,--:--:--,25.8,67.9,27,1.8,100,2,24,",",",",NYAMAN,2026-04-13 00:49:04.509115+00
310,----/--/--,--:--:--,25.8,67.5,26.9,1.8,100,2,24,",",",",NYAMAN,2026-04-13 00:50:17.834416+00
311,----/--/--,--:--:--,25.8,68.4,27,-0.2,100,25,26,",",",",NYAMAN,2026-04-13 00:52:39.437119+00
312,----/--/--,--:--:--,25.9,67.9,27.1,-0.1,100,25,26,",",",",NYAMAN,2026-04-13 00:53:54.692387+00
313,----/--/--,--:--:--,25.9,66.8,27,-0.1,100,25,26,",",",",NYAMAN,2026-04-13 00:58:59.549904+00
314,----/--/--,--:--:--,25.8,67.1,26.9,-0.2,100,25,26,",",",",NYAMAN,2026-04-13 01:00:07.794457+00
315,----/--/--,--:--:--,25.7,67.3,26.1,-0.3,100,25,26,",",",",NYAMAN,2026-04-13 01:01:05.71465+00
316,----/--/--,--:--:--,25.6,67.3,26,-0.4,100,25,26,",",",",NYAMAN,2026-04-13 01:02:15.266676+00
317,----/--/--,--:--:--,25.6,67.4,26,-0.4,100,25,26,",",",",NYAMAN,2026-04-13 01:03:22.441887+00
318,----/--/--,--:--:--,26.1,68,27.4,0.1,99,25,26,",",",",HANGAT,2026-04-13 01:04:32.556022+00
319,----/--/--,--:--:--,26.1,68.4,27.4,0.1,99,25,26,",",",",HANGAT,2026-04-13 01:05:33.505776+00
320,----/--/--,--:--:--,26.4,68.6,27.8,0.4,96,25,26,",",",",HANGAT,2026-04-13 01:06:44.309825+00
321,----/--/--,--:--:--,27,65.6,28.5,1,90,25,26,",",",",HANGAT,2026-04-13 01:08:41.046786+00
322,----/--/--,--:--:--,27.1,63.3,28.5,1.1,89,25,26,",",",",HANGAT,2026-04-13 01:16:21.128569+00
323,----/--/--,06.48.59,27.1,63.3,28.5,1.1,89,6,26,Jendela Terbuka,-(req),HANGAT,2026-04-13 23:49:00.154303+00
324,----/--/--,06.49.16,27.1,63.3,28.5,1.1,89,6,26,Jendela Terbuka,-(req),HANGAT,2026-04-13 23:49:16.256974+00
325,----/--/--,06.57.14,27.1,63.3,28.5,1.1,89,6,26,Jendela Terbuka,-(req),HANGAT,2026-04-13 23:57:14.442248+00
326,----/--/--,06.57.27,27.1,63.3,28.5,1.1,89,8,26,Jendela Terbuka,-(req),HANGAT,2026-04-13 23:57:27.978704+00
327,----/--/--,06.59.55,27.1,63.3,28.5,1.1,89,10,26,Jendela Terbuka,-(req),HANGAT,2026-04-13 23:59:55.368056+00
328,----/--/--,07.01.14,27.1,63.3,28.5,1.1,89,12,26,Jendela Terbuka,-(req),HANGAT,2026-04-14 00:01:15.218394+00
329,----/--/--,07.06.35,27.1,63.3,28.5,1.1,89,14,26,Jendela Terbuka,-(req),HANGAT,2026-04-14 00:06:36.154553+00
330,----/--/--,07.06.54,27.1,63.3,28.5,1.1,89,16,26,Jendela Terbuka,-(req),HANGAT,2026-04-14 00:06:54.322408+00
331,----/--/--,07.08.16,27.1,63.3,28.5,1.1,89,19,26,Jendela Terbuka,-(req),HANGAT,2026-04-14 00:08:16.403122+00
332,----/--/--,07.08.20,27.1,63.3,28.5,1.1,89,20,26,Jendela Terbuka,-(req),HANGAT,2026-04-14 00:08:20.383554+00
333,----/--/--,07.08.36,27.1,63.3,28.5,1.1,89,21,26,Jendela Terbuka,-(req),HANGAT,2026-04-14 00:08:36.652989+00
334,----/--/--,07.09.25,27.1,63.3,28.5,1.1,89,22,26,Jendela Terbuka,-(req),HANGAT,2026-04-14 00:09:26.047039+00
335,----/--/--,07.11.43,27.1,63.3,28.5,1.1,89,23,26,Jendela Terbuka,-(req),HANGAT,2026-04-14 00:11:44.092456+00
336,----/--/--,07.17.18,27.1,63.3,28.5,1.1,89,24,26,Jendela Terbuka,-(req),HANGAT,2026-04-14 00:17:18.884172+00
337,----/--/--,07.19.07,27.1,63.3,28.5,1.1,89,25,26,Jendela Terbuka,-(req),HANGAT,2026-04-14 00:19:08.236543+00
338,----/--/--,07.27.17,27.1,63.3,28.5,1.1,89,26,26,Jendela Terbuka,-(req),HANGAT,2026-04-14 00:27:17.387309+00
339,----/--/--,08.40.00,27.1,63.3,28.5,1.1,89,26,26,Jendela Terbuka,-(req),HANGAT,2026-04-14 01:40:00.860453+00
340,----/--/--,16.10.43,27.1,63.3,28.5,1.1,89,1,26,Jendela Terbuka,-(req),HANGAT,2026-04-14 09:10:42.664926+00
341,----/--/--,16.20.33,27.1,63.3,28.5,1.1,89,1,26,Jendela Terbuka,-(req),HANGAT,2026-04-14 09:20:32.199642+00
342,----/--/--,16.37.15,27.1,63.3,28.5,1.1,89,1,26,Jendela Terbuka,-(req),HANGAT,2026-04-14 09:37:14.152789+00
343,----/--/--,17.44.32,27.1,63.3,28.5,1.1,89,1,26,Jendela Terbuka,-(req),HANGAT,2026-04-14 10:44:31.183466+00
344,----/--/--,17.44.58,27.1,63.3,28.5,6.1,89,1,21,AC Menyala,-(req),HANGAT,2026-04-14 10:44:57.085146+00
345,----/--/--,17.45.13,27.1,63.3,28.5,1.1,89,1,26,AC Menyala,-(req),HANGAT,2026-04-14 10:45:12.92927+00
346,----/--/--,06.53.19,27.1,63.3,28.5,6.1,89,9,21,AC Menyala,-(req),HANGAT,2026-04-14 23:53:20.203073+00
347,----/--/--,06.53.36,27.1,63.3,28.5,6.1,89,10,21,AC Menyala,-(req),HANGAT,2026-04-14 23:53:36.517074+00
348,----/--/--,07.01.16,27.1,63.3,28.5,6.1,89,12,21,AC Menyala,-(req),HANGAT,2026-04-15 00:01:16.472878+00
349,----/--/--,07.01.17,27.1,63.3,28.5,6.1,89,12,21,AC Menyala,-(req),HANGAT,2026-04-15 00:01:17.841772+00
350,----/--/--,07.05.44,27.1,63.3,28.5,6.1,89,14,21,AC Menyala,-(req),HANGAT,2026-04-15 00:05:44.303058+00
351,----/--/--,07.07.56,27.1,63.3,28.5,6.1,89,17,21,AC Menyala,-(req),HANGAT,2026-04-15 00:07:56.735221+00
352,----/--/--,07.08.12,27.1,63.3,28.5,6.1,89,18,21,AC Menyala,-(req),HANGAT,2026-04-15 00:08:12.737854+00
353,----/--/--,07.08.58,27.1,63.3,28.5,6.1,89,19,21,AC Menyala,-(req),HANGAT,2026-04-15 00:08:59.025411+00
354,----/--/--,07.55.26,27.1,63.3,28.5,6.1,89,23,21,AC Menyala,-(req),HANGAT,2026-04-15 00:55:26.374019+00
355,----/--/--,08.56.21,27.1,63.3,28.5,6.1,89,25,21,AC Menyala,-(req),HANGAT,2026-04-15 01:56:21.798459+00
356,----/--/--,07.10.46,27.1,63.3,28.5,10.1,89,8,17,AC Menyala,-(req),HANGAT,2026-04-16 00:10:45.015442+00
357,----/--/--,07.22.40,27.1,63.3,28.5,10.1,89,12,17,AC Menyala,-(req),HANGAT,2026-04-16 00:22:39.108765+00
358,----/--/--,07.40.01,27.1,63.3,28.5,10.1,89,22,17,AC Menyala,-(req),HANGAT,2026-04-16 00:40:00.1741+00
359,----/--/--,07.40.29,27.1,63.3,28.5,10.1,89,24,17,AC Menyala,-(req),HANGAT,2026-04-16 00:40:28.240002+00
360,----/--/--,07.51.11,27.1,63.3,28.5,10.1,89,25,17,AC Menyala,-(req),HANGAT,2026-04-16 00:51:11.795678+00
361,----/--/--,07.53.15,27.1,63.3,28.5,10.1,89,25,17,AC Menyala,-(req),HANGAT,2026-04-16 00:53:14.551717+00
362,----/--/--,09.46.29,27.1,63.3,28.5,10.1,89,25,17,AC Menyala,-(req),HANGAT,2026-04-16 02:46:28.474597+00
363,----/--/--,20.38.22,27.1,63.3,28.5,11.1,89,1,16,AC Menyala,-(req),HANGAT,2026-04-18 13:38:21.009035+00
364,----/--/--,20.38.33,27.1,63.3,28.5,11.1,89,1,16,AC Menyala,-(req),HANGAT,2026-04-18 13:38:32.164016+00
365,----/--/--,20.38.52,27.1,63.3,28.5,11.1,89,1,16,AC Menyala,-(req),HANGAT,2026-04-18 13:38:50.813634+00
366,----/--/--,20.39.09,27.1,63.3,28.5,11.1,89,1,16,AC Menyala,-(req),HANGAT,2026-04-18 13:39:08.232183+00
367,----/--/--,04.45.49,27.1,63.3,28.5,11.1,89,1,16,AC Menyala,-(req),HANGAT,2026-04-18 21:45:47.719595+00
368,----/--/--,05.05.40,27.1,63.3,28.5,11.1,89,1,16,AC Menyala,-(req),HANGAT,2026-04-18 22:05:38.318448+00
369,2026-05-17,22:11:05,27.4,60.7,28.7,1.4,86,6,26,",",",",HANGAT,2026-05-17 15:11:06.066188+00
370,2026-05-17,22:12:05,27.1,61.4,28.3,1.1,89,6,26,",",",",HANGAT,2026-05-17 15:12:06.068048+00
371,2026-05-17,22:13:05,26.9,61.9,28.1,0.9,91,6,26,",",",",HANGAT,2026-05-17 15:13:06.08534+00
372,2026-05-17,22:15:28,27.3,61.9,28.6,1.3,87,6,26,",",",",HANGAT,2026-05-17 15:15:29.828868+00
373,2026-05-17,22:16:28,27.5,70.5,29.8,1.5,84,6,26,",",",",HANGAT,2026-05-17 15:16:29.862212+00
374,2026-05-17,22:17:28,28,71.4,30.9,2,76,6,26,",",",",HANGAT,2026-05-17 15:17:29.827596+00
375,2026-05-17,22:18:28,28.1,64.2,30.1,2.1,79,6,26,",",",",HANGAT,2026-05-17 15:18:29.845929+00
376,2026-05-17,22:19:28,27.8,61.4,29.3,1.8,82,6,26,",",",",HANGAT,2026-05-17 15:19:29.834083+00
377,2026-05-17,22:20:28,27.3,60.8,28.5,1.3,87,6,26,",",",",HANGAT,2026-05-17 15:20:29.876934+00
378,2026-05-17,22:21:30,27.1,61.5,28.3,1.1,89,6,26,",",",",HANGAT,2026-05-17 15:21:31.287+00
379,2026-05-17,22:22:30,27.1,63.9,28.5,1.1,89,6,26,",",",",HANGAT,2026-05-17 15:22:31.255069+00
380,2026-05-17,22:23:39,27,62.5,28.3,1,90,6,26,",",",",HANGAT,2026-05-17 15:23:40.758828+00
381,2026-05-17,22:26:15,26.8,62,28,0.8,92,6,26,",",",",HANGAT,2026-05-17 15:26:17.892191+00
382,----/--/--,--:--:--,27.6,71.8,30.1,3.6,79,6,26,",",",",HANGAT,2026-05-18 02:05:52.398539+00
383,2026-05-18,09:07:13,27.5,72.5,30,1.5,77,6,26,",",",",HANGAT,2026-05-18 02:07:14.938574+00
384,2026-05-18,09:08:13,27.5,71.2,29.9,1.5,81,6,26,",",",",HANGAT,2026-05-18 02:08:14.987237+00
385,2026-05-18,09:09:13,27.4,73.1,29.9,1.4,77,6,26,",",",",HANGAT,2026-05-18 02:09:14.862713+00
386,2026-05-18,09:10:13,27.4,71.8,29.7,1.4,81,6,26,",",",",HANGAT,2026-05-18 02:10:15.0017+00
387,2026-05-18,09:11:13,27.3,72.9,29.7,1.3,78,6,26,",",",",HANGAT,2026-05-18 02:11:14.997366+00
388,2026-05-18,09:14:17,27.2,71.9,29.4,1.2,82,6,26,",",",",HANGAT,2026-05-18 02:14:19.62518+00
389,2026-05-18,09:15:33,27.2,70,29.2,1.2,88,6,26,",",",",HANGAT,2026-05-18 02:15:36.315716+00
390,2026-05-18,09:20:08,27,69,28.8,1,90,6,26,",",",",HANGAT,2026-05-18 02:20:19.333279+00
391,2026-05-18,09:21:21,26.9,69.1,28.6,0.9,91,6,26,",",",",HANGAT,2026-05-18 02:21:34.707376+00
392,2026-05-18,09:23:50,26.9,69,28.6,0.9,91,6,26,",",",",HANGAT,2026-05-18 02:23:51.753531+00
393,2026-05-18,09:24:54,27.1,76.9,29.7,1.1,68,6,26,",",",",HANGAT,2026-05-18 02:25:02.050993+00
394,2026-05-18,09:25:54,27.3,70.8,29.5,1.3,85,6,26,",",",",HANGAT,2026-05-18 02:25:56.328434+00
395,2026-05-18,09:26:54,27.4,69.9,29.5,1.4,86,6,26,",",",",HANGAT,2026-05-18 02:26:56.174159+00
396,2026-05-18,09:27:54,27.6,69.3,29.8,1.6,84,6,26,",",",",HANGAT,2026-05-18 02:28:02.437975+00
397,2026-05-18,09:28:54,27.9,71,30.6,1.9,78,6,26,",",",",HANGAT,2026-05-18 02:28:56.338731+00
398,2026-05-18,09:29:55,27.5,68,29.5,1.5,85,6,26,",",",",HANGAT,2026-05-18 02:29:56.963233+00
399,2026-05-18,09:30:56,27.3,67.7,29.2,1.3,87,6,26,",",",",HANGAT,2026-05-18 02:30:57.822735+00
400,2026-05-18,09:31:56,27.2,68,29,1.2,88,6,26,",",",",HANGAT,2026-05-18 02:31:57.89275+00
401,2026-05-18,09:32:56,27.2,67.9,29,1.2,88,6,26,",",",",HANGAT,2026-05-18 02:32:58.036649+00
402,2026-05-18,09:33:56,27.1,67.6,28.8,1.1,89,6,26,",",",",HANGAT,2026-05-18 02:33:58.04137+00
403,2026-05-18,09:34:56,27.1,68,28.9,1.1,89,6,26,",",",",HANGAT,2026-05-18 02:34:58.152682+00
404,2026-05-18,09:35:56,27.1,68.1,28.9,1.1,89,6,26,",",",",HANGAT,2026-05-18 02:35:58.046999+00
405,2026-05-18,09:36:56,27.1,67.7,28.8,1.1,89,6,26,",",",",HANGAT,2026-05-18 02:36:58.118669+00
406,2026-05-18,09:37:56,27,68.1,28.7,1,90,6,26,",",",",HANGAT,2026-05-18 02:37:57.974116+00
407,2026-05-18,09:38:56,27.1,67.6,28.8,1.1,89,6,26,",",",",HANGAT,2026-05-18 02:38:58.040683+00
408,2026-05-18,09:39:56,27.1,67.3,28.8,1.1,89,6,26,",",",",HANGAT,2026-05-18 02:39:58.134431+00
409,2026-05-18,09:40:56,27.1,67,28.8,1.1,89,6,26,",",",",HANGAT,2026-05-18 02:40:58.063717+00
410,2026-05-18,09:41:56,27.1,66.5,28.7,1.1,89,6,26,",",",",HANGAT,2026-05-18 02:41:57.986801+00
411,2026-05-18,09:42:59,27,66.4,28.6,1,90,6,26,",",",",HANGAT,2026-05-18 02:43:00.746878+00
412,2026-05-18,09:45:33,27,67.3,28.6,1,90,6,26,",",",",HANGAT,2026-05-18 02:45:34.727071+00
413,2026-05-18,09:46:33,27.6,66.3,29.5,1.6,84,6,26,",",",",HANGAT,2026-05-18 02:46:34.601869+00
414,2026-05-18,09:47:33,27.5,65.2,29.2,1.5,85,6,26,",",",",HANGAT,2026-05-18 02:47:34.778373+00
415,2026-05-18,09:48:36,27.2,65.2,28.8,1.2,88,6,26,",",",",HANGAT,2026-05-18 02:48:37.87264+00
416,2026-05-18,09:49:36,27.6,69.3,29.8,1.6,84,6,26,",",",",HANGAT,2026-05-18 02:49:37.747274+00
417,2026-05-18,09:50:36,29.2,62.4,31.8,3.2,68,6,26,",",",",HANGAT,2026-05-18 02:50:37.798704+00
418,2026-05-18,09:51:43,28.6,61.5,30.6,2.6,74,6,26,",",",",HANGAT,2026-05-18 02:51:44.868775+00
419,2026-05-18,09:52:43,28,63.2,29.8,2,80,6,26,",",",",HANGAT,2026-05-18 02:52:44.621131+00
420,2026-05-18,09:53:43,27.8,63,29.5,1.8,82,6,26,",",",",HANGAT,2026-05-18 02:53:44.484004+00
421,2026-05-18,09:54:43,27.6,63.9,29.3,1.6,84,6,26,",",",",HANGAT,2026-05-18 02:54:45.666073+00
422,2026-05-18,09:55:43,27.6,63.8,29.2,1.6,84,6,26,",",",",HANGAT,2026-05-18 02:55:45.221427+00
423,2026-05-18,15:37:02,28.9,64.4,31.6,2.9,71,6,26,",",",",HANGAT,2026-05-18 08:37:02.999334+00
424,2026-05-18,15:38:02,29,64.3,31.7,3,70,6,26,",",",",HANGAT,2026-05-18 08:38:09.229439+00
425,2026-05-18,15:39:18,29,64.1,31.7,3,70,6,26,",",",",HANGAT,2026-05-18 08:39:19.095236+00
426,2026-05-18,15:40:18,29.1,63.8,31.8,3.1,69,6,26,",",",",HANGAT,2026-05-18 08:40:19.089446+00
427,2026-05-18,15:41:18,29.2,64.9,32.2,3.2,68,6,26,",",",",HANGAT,2026-05-18 08:41:19.224402+00
428,2026-05-18,15:42:18,29.1,64.3,31.9,3.1,69,6,26,",",",",HANGAT,2026-05-18 08:42:19.427476+00
429,2026-05-20,22:05:00,31.9,78,43.2,5.9,17,6,26,",",",",HANGAT,2026-05-20 15:05:01.706453+00
430,2026-05-20,22:06:01,31.7,77.7,42.4,5.7,20,6,26,",",",",HANGAT,2026-05-20 15:06:02.172648+00
431,2026-05-20,22:07:01,31.7,77.8,42.4,5.7,20,6,26,",",",",HANGAT,2026-05-20 15:07:02.085495+00
432,2026-05-20,22:08:01,31.7,78.5,42.7,5.7,17,6,26,",",",",HANGAT,2026-05-20 15:08:02.088958+00
433,2026-05-20,22:09:01,31.7,78.5,42.7,5.7,17,6,26,",",",",HANGAT,2026-05-20 15:09:02.229309+00
434,2026-05-20,22:10:01,31.8,85,45.8,5.8,0,6,26,",",",",HANGAT,2026-05-20 15:10:02.176076+00
435,2026-05-20,22:11:01,31.9,85,46.2,5.9,0,6,26,",",",",HANGAT,2026-05-20 15:11:02.115635+00
436,2026-05-20,22:12:01,31.9,82,44.9,5.9,5,6,26,",",",",HANGAT,2026-05-20 15:12:02.133593+00
437,2026-05-20,22:13:01,32,83.3,45.8,6,0,6,26,",",",",HANGAT,2026-05-20 15:13:02.074982+00
438,2026-05-20,22:14:01,32,79.5,44.2,6,11,6,26,",",",",HANGAT,2026-05-20 15:14:02.222497+00
439,2026-05-20,22:15:01,31.9,79.6,43.8,5.9,12,6,26,",",",",HANGAT,2026-05-20 15:15:02.232981+00
440,2026-05-20,22:16:01,31.7,79.3,43,5.7,15,6,26,",",",",HANGAT,2026-05-20 15:16:02.264468+00
441,2026-05-20,22:17:01,31.6,79.2,42.6,5.6,16,6,26,",",",",HANGAT,2026-05-20 15:17:02.150524+00
442,2026-05-20,22:18:05,31.5,79.3,42.3,5.5,17,6,26,",",",",HANGAT,2026-05-20 15:18:06.127433+00
443,2026-05-20,22:19:05,31.5,79.8,42.5,5.5,16,6,26,",",",",HANGAT,2026-05-20 15:19:06.470597+00
444,2026-05-20,22:20:05,31.5,79.4,42.4,5.5,17,6,26,",",",",HANGAT,2026-05-20 15:20:06.571875+00
445,2026-05-20,22:21:05,31.5,79.3,42.3,5.5,17,6,26,",",",",HANGAT,2026-05-20 15:21:06.793052+00
446,2026-05-20,22:22:05,31.6,79.4,42.7,5.6,16,6,26,",",",",HANGAT,2026-05-20 15:22:06.857468+00
447,2026-05-20,22:23:05,31.6,79.5,42.7,5.6,15,6,26,",",",",HANGAT,2026-05-20 15:23:07.017989+00
448,2026-05-20,22:24:05,31.8,79.5,43.4,5.8,14,6,26,",",",",HANGAT,2026-05-20 15:24:07.079602+00
449,2026-05-20,22:25:05,31.7,79.8,43.2,5.7,14,6,26,",",",",HANGAT,2026-05-20 15:25:06.724505+00
450,2026-05-20,22:26:05,31.6,80.3,43.1,5.6,13,6,26,",",",",HANGAT,2026-05-20 15:26:06.716802+00
451,2026-05-20,22:27:05,31.6,78.9,42.5,5.6,17,6,26,",",",",HANGAT,2026-05-20 15:27:06.808477+00
452,2026-05-20,22:28:58,31.5,78.4,42,5.5,20,6,26,",",",",HANGAT,2026-05-20 15:28:58.908186+00
453,2026-05-20,22:29:58,31.5,78.9,42.2,5.5,18,6,26,",",",",HANGAT,2026-05-20 15:29:59.389738+00
454,2026-05-20,22:30:58,31.5,79.6,42.4,5.5,16,6,26,",",",",HANGAT,2026-05-20 15:30:59.600957+00
455,2026-05-20,22:31:58,31.6,79.6,42.8,5.6,15,6,26,",",",",HANGAT,2026-05-20 15:31:59.707407+00
456,2026-05-20,22:32:59,31.5,78.7,42.1,5.5,19,6,26,",",",",HANGAT,2026-05-20 15:33:02.781608+00
457,2026-05-20,22:34:40,31.5,79.1,42.2,5.5,13,6,26,",",",",PANAS,2026-05-20 15:34:41.720835+00
458,2026-05-20,22:35:40,31.5,78.7,42.1,5.5,14,6,26,",",",",PANAS,2026-05-20 15:35:41.436322+00
459,2026-05-20,22:36:40,31.9,79.7,43.9,5.9,7,6,26,",",",",PANAS,2026-05-20 15:36:41.430043+00
460,2026-05-20,22:37:40,31.9,77.5,43,5.9,14,6,26,",",",",PANAS,2026-05-20 15:37:41.421+00
461,2026-05-20,22:38:40,31.8,77.7,42.7,5.8,14,6,26,",",",",PANAS,2026-05-20 15:38:41.509223+00
462,2026-05-20,22:39:40,31.7,78.1,42.5,5.7,14,6,26,",",",",PANAS,2026-05-20 15:39:41.490153+00
463,2026-05-20,22:40:41,31.7,79,42.9,5.7,11,6,26,",",",",PANAS,2026-05-20 15:40:42.213515+00
464,2026-05-20,22:41:41,31.6,78.2,42.2,5.6,14,6,26,",",",",PANAS,2026-05-20 15:41:42.111099+00
465,2026-05-20,22:42:41,31.7,78.4,42.7,5.7,13,6,26,",",",",PANAS,2026-05-20 15:42:42.209714+00
466,2026-05-20,22:43:41,31.7,78,42.5,5.7,14,6,26,",",",",PANAS,2026-05-20 15:43:42.204599+00
467,2026-05-20,22:45:46,31.6,78.6,42.4,5.6,13,6,26,",",",",PANAS,2026-05-20 15:45:47.574544+00
468,2026-05-20,22:46:46,31.6,78.5,42.3,5.6,13,6,26,",",",",PANAS,2026-05-20 15:46:47.684195+00
469,2026-05-20,22:47:46,31.6,79,42.5,5.6,12,6,26,",",",",PANAS,2026-05-20 15:47:47.821845+00
470,2026-05-20,22:50:06,31.5,79,42.2,5.5,13,6,26,",",",",PANAS,2026-05-20 15:50:07.339793+00
471,2026-05-20,22:51:06,31.5,78.9,42.2,5.5,13,6,26,",",",",PANAS,2026-05-20 15:51:07.432043+00
472,2026-05-20,22:52:06,31.5,78.6,42,5.5,14,6,26,",",",",PANAS,2026-05-20 15:52:07.400415+00
473,2026-05-20,22:53:06,31.5,78.7,42.1,5.5,14,6,26,",",",",PANAS,2026-05-20 15:53:07.346487+00
474,2026-05-20,22:54:37,31.3,79.2,41.6,5.3,14,6,26,",",",",PANAS,2026-05-20 15:54:38.143235+00
475,2026-05-20,22:55:37,31.2,79.2,41.3,5.2,15,6,26,",",",",PANAS,2026-05-20 15:55:38.237776+00
476,2026-05-20,22:56:37,31.2,79.1,41.2,5.2,16,6,26,",",",",PANAS,2026-05-20 15:56:38.673696+00
477,2026-05-20,22:57:37,31.2,79,41.2,5.2,16,6,26,",",",",PANAS,2026-05-20 15:57:38.670209+00
478,2026-05-20,22:58:38,31.2,79.2,41.3,5.2,15,6,26,",",",",PANAS,2026-05-20 15:58:39.084664+00
479,2026-05-20,22:59:38,31.1,79.1,40.9,5.1,17,6,26,",",",",PANAS,2026-05-20 15:59:38.879288+00
480,2026-05-20,23:00:38,31.1,78.7,40.7,5.1,18,6,26,",",",",PANAS,2026-05-20 16:00:38.972262+00
481,2026-05-20,23:01:38,31.1,78.8,40.8,5.1,18,6,26,",",",",PANAS,2026-05-20 16:01:39.405183+00
482,2026-05-20,23:02:38,31.2,79,41.2,5.2,16,6,26,",",",",PANAS,2026-05-20 16:02:39.492497+00
483,2026-05-20,23:03:38,31.1,79,40.9,5.1,17,6,26,",",",",PANAS,2026-05-20 16:03:39.529396+00
484,2026-05-20,23:04:38,31.1,79,40.9,5.1,17,6,26,",",",",PANAS,2026-05-20 16:04:39.574876+00